Req_ID,Category,Name,Description,Source_File,Section_Path,Related_Artifacts
BR-001,BR,Создание интеллектуальной системы обучения,"**Описание**: Разработать систему, которая ""учится"" на корпоративных документах и накапливает знания
**Роли**: Учитель системы; Пользователь системы (подроли: инженер/проектировщик, ПТО, сметный отдел, юр. отдел) с различными уровнями доступа к документам (ACL по проектам и типам документов).
**Обоснование**: Основа для всех последующих функций системы
**Критерии приемки**:
- Система может изучать загруженные документы
- Система накапливает знания о проектах и технических решениях
- Система может отвечать на текстовые запросы пользователей
- Система работает в проектно-ориентированном контексте
**Трассировка**: UC‑01, UC‑11 ↔ FR‑LEARN‑01..04, FR‑ACCESS‑01..05",business-requirements.md,business-requirements.md → Business Requirements Document (BRD) - Проект AI GOST → 2. Бизнес-требования по приоритетам → КРИТИЧЕСКИЙ ПРИОРИТЕТ (Must Have) → BR-001: Создание интеллектуальной системы обучения,-
BR-002,BR,Обработка текстовых запросов пользователей,"**Описание**: Обеспечить возможность делать естественные текстовые запросы на русском языке; система понимает проектный контекст и формирует структурированные ответы.
**Форматы ответа**: Excel (основной), JSON/CSV (для интеграций).
**Типы запросов**: поиск фактов, извлечение таблиц/реквизитов, агрегаты по проекту.
**Авто‑словарь**: по мере обучения система формирует и пополняет словарь проектных сущностей и синонимов (например, «козырёк» ↔ «навес») для повышения качества понимания запросов.
**Обоснование**: Основной интерфейс взаимодействия с системой (оперативные ответы для принятия решений).
**Критерии приемки**:
- Пользователи могут делать запросы типа ""вытащи данные про козырек""
- Система понимает контекст проектов в запросах
- Система формирует структурированные ответы (Excel/JSON/CSV)
- Оперативные ответы для пользователей (точные значения времени — см. SRS NFR‑PERF‑01)
**Трассировка**: UC‑02, UC‑12 ↔ FR‑QUERY‑01..04, FR‑EXCEL‑01..03, FR‑DAT‑02, FR‑KNOW‑01..02",business-requirements.md,business-requirements.md → Business Requirements Document (BRD) - Проект AI GOST → 2. Бизнес-требования по приоритетам → КРИТИЧЕСКИЙ ПРИОРИТЕТ (Must Have) → BR-002: Обработка текстовых запросов пользователей,-
BR-003,BR,Проектно-ориентированная работа с данными,"**Описание**: Обеспечить привязку всех данных к конкретным проектам и работу в проектном контексте (извлечения/отчёты/комплекты РД/поиск аналогов).
**Атрибуты проекта (минимум)**: projectId, projectName, designStage, rdCipher; при необходимости расширяется (тип объекта, материалы, локация).
**Типизация проектов**: система поддерживает типы объектов (например, подстанция, козырёк и т.п.) для лучшего поиска аналогов.
**Поиск аналогов**: явная поддержка поиска похожих проектов с критериями сходства (тип объекта, стадия, материалы).
**Форматы выгрузок**: Excel (основной), JSON/CSV (для интеграций) — «ведомость объёмов», «комплект РД», другие проектные отчёты.
**Межпроектные права доступа**: видимость и операции ограничены ролями и проектной принадлежностью (доступ только к своим проектам по ACL).
**Обоснование**: Критично для поиска аналогов и извлечения данных по проектам
**Критерии приемки**:
- Все документы привязаны к конкретным проектам (подстанция, козырек и т.д.)
- Система может извлекать ведомости объемов работ по проекту
- Система может формировать комплекты рабочей документации по проекту
- Система поддерживает поиск аналогов по проектам с критериями (тип/стадия/материалы)
- Экспорт отчётов доступен в Excel/JSON/CSV
**Трассировка**: UC‑03, UC‑11, UC‑13 ↔ FR‑PROJECT‑01..04, FR‑DAT‑02/‑08, FR‑ACCESS‑01..05, FR‑EXCEL‑01..03",business-requirements.md,business-requirements.md → Business Requirements Document (BRD) - Проект AI GOST → 2. Бизнес-требования по приоритетам → КРИТИЧЕСКИЙ ПРИОРИТЕТ (Must Have) → BR-003: Проектно-ориентированная работа с данными,-
BR-005,BR,Извлечение данных из документов (OCR),"**Описание**: Обеспечить автоматическое извлечение текста и данных из документов, включая машиночитаемые файлы и скан-образы.
**Поддерживаемые форматы**: PDF (в том числе многостраничные и со встроенным текстом), изображения (JPG/PNG/TIFF), DWG, ARP, GSFX, XML, RTF/DOCX, XLS/XLSX.
**Типы источников**: машиночитаемые документы и скан‑образы (различные уровни качества и разрешения).
**Обоснование**: Необходимо для обучения системы и обработки запросов
**Критерии качества распознавания**:
- Точность извлечения текста на образцах заказчика не ниже согласованного порога для русского языка и технических терминов
- Корректное извлечение табличных структур (границы, объединения ячеек, типы данных, заголовки)
- Выделение основных реквизитов/метаданных документов (номера, даты, шифры проектов)
- Базовая обработка инженерных чертежей/схем (слои/тексты/штамп, извлечение ключевых атрибутов)
**Критерии приемки**:
- Создан прототип OCR/парсинга для заявленных форматов
- Проведены тесты качества распознавания на репрезентативных образцах заказчика
- Определены ограничения и граничные случаи; задокументированы рекомендации по улучшению качества
- Описаны рекомендации по выбору OCR/парсеров и предобработке (дешум, поворот, бинаризация)
**Трассировка**: UC‑04, UC‑05 ↔ FR‑OCR‑01..06, FR‑PARSER‑01..05, FR‑DAT‑02/‑05",business-requirements.md,business-requirements.md → Business Requirements Document (BRD) - Проект AI GOST → 2. Бизнес-требования по приоритетам → ВЫСОКИЙ ПРИОРИТЕТ (Should Have) → BR-005: Извлечение данных из документов (OCR),-
BR-006,BR,Формирование отчетов в Excel,"**Описание**: Обеспечить создание структурированных Excel‑отчетов по запросам пользователей, включая поддержку многолистовых книг и типов отчетов: табличные и сводные (pivot).
**Обоснование**: Основной выходной формат для структурированных данных (оперативная генерация)
**Критерии приемки**:
- Система формирует многолистовые книги Excel по текстовым запросам (несколько вкладок при необходимости)
- Поддерживаются табличные отчеты и сводные таблицы (pivot), включая базовые диаграммы при наличии шаблона
- Корректное структурирование данных (заголовки, типы столбцов, группировка, итоги)
- Валидация типов данных (дата, число, валюта/единицы), корректные форматы отображения
- Соответствие заранее определенному шаблону оформления (стили, шапка/подвал, параметры печати) при его использовании
**Трассировка**: UC‑06, UC‑12 ↔ FR‑EXCEL‑01..03, FR‑QUERY‑01..04, FR‑DAT‑02; см. NFR‑PERF‑01 (оперативность)",business-requirements.md,business-requirements.md → Business Requirements Document (BRD) - Проект AI GOST → 2. Бизнес-требования по приоритетам → ВЫСОКИЙ ПРИОРИТЕТ (Should Have) → BR-006: Формирование отчетов в Excel,-
BR-007,BR,Работа с нормативной базой (ГОСТы),"**Описание**: Обеспечить изучение, структурирование и использование нормативных документов для валидации данных и проверок.
**Источники и форматы**: ГОСТ, СП, СНиП, ТУ, РД; форматы: PDF/DOCX/HTML.
**Версионирование и актуализация**: хранить редакции и номера изменений; вести метаданные (код, номер, дата, редакция), политика регулярной актуализации и отслеживания изменений.
**Структурированные правила**: извлечённые требования хранить как формализованные правила с условиями/диапазонами и ссылками на конкретные пункты документа.
**Обоснование**: Критично для корректной работы с техническими документами
**Критерии приемки**:
- Корректный парсинг ссылок/пунктов норм и ведение метаданных (код, номер, дата, редакция)
- Ведение версий и журнал актуализации нормативной базы
- Воспроизводимые проверки на основе структурированных правил
- Формирование отчёта о несоответствиях с точными ссылками на пункты
- Поддерживается поиск по нормативным требованиям
**Трассировка**: UC‑07, UC‑08 ↔ FR‑NORM‑01..06, FR‑PARSER‑02, FR‑REPORT‑01..02",business-requirements.md,business-requirements.md → Business Requirements Document (BRD) - Проект AI GOST → 2. Бизнес-требования по приоритетам → ВЫСОКИЙ ПРИОРИТЕТ (Should Have) → BR-007: Работа с нормативной базой (ГОСТы),-
BR-008,BR,Обработка специализированных форматов (DWG/сметы),"**Описание**: Обеспечить извлечение структурированных данных из чертежей DWG и сметных документов ARP/GSFX для обучения системы и формирования отчетов.
**Типы извлекаемых данных из DWG**:
- Слои и их содержимое (тексты, размеры, штриховки, блоки)
- Основные реквизиты чертежа (номер, название, масштаб, дата)
- Технические характеристики объектов (материалы, размеры, марки)
- Штампы и подписи (исполнитель, проверяющий, утверждающий)
**Типы извлекаемых данных из смет**:
- Структура сметы (разделы, позиции, ресурсы)
- Стоимостные показатели (единичные цены, объемы, суммы)
- Нормативные ссылки (ГЭСН, ФЕР, территориальные сборники)
- Материалы и оборудование (наименования, единицы измерения, цены)
**Обоснование**: Специфическая потребность бизнеса заказчика для работы с инженерной документацией
**Критерии приемки**:
- Система извлекает структурированные данные из DWG-файлов (слои, тексты, реквизиты)
- Система обрабатывает сметные документы ARP/GSFX (позиции, цены, ресурсы)
- Извлеченные данные корректно структурируются для обучения и отчетности
- Поддерживается экспорт извлеченных данных в Excel/JSON/CSV
**Трассировка**: UC‑04, UC‑05 ↔ FR‑DWG‑01..04, FR‑ESTIMATE‑01..03, FR‑DAT‑02/‑05",business-requirements.md,business-requirements.md → Business Requirements Document (BRD) - Проект AI GOST → 2. Бизнес-требования по приоритетам → СРЕДНИЙ ПРИОРИТЕТ (Could Have) → BR-008: Обработка специализированных форматов (DWG/сметы),-
BR-012,BR,Пользовательские интерфейсы,"**Описание**: Разработка UI/UX для конечных пользователей
**Обоснование**: Не входит в объем текущего этапа (только прототипы без UI)
**Статус**: Отложено до этапа разработки производственной системы",business-requirements.md,business-requirements.md → Business Requirements Document (BRD) - Проект AI GOST → 2. Бизнес-требования по приоритетам → НИЗКИЙ ПРИОРИТЕТ (Won't Have - в текущем этапе) → BR-012: Пользовательские интерфейсы,-
BR-013,BR,Интеграция с существующими системами,"**Описание**: Реальная интеграция с ERP, CRM и другими корпоративными системами
**Обоснование**: Не входит в объем текущего этапа (только архитектурная проработка)
**Статус**: Отложено до этапа разработки производственной системы",business-requirements.md,business-requirements.md → Business Requirements Document (BRD) - Проект AI GOST → 2. Бизнес-требования по приоритетам → НИЗКИЙ ПРИОРИТЕТ (Won't Have - в текущем этапе) → BR-013: Интеграция с существующими системами,-
BR-014,BR,Извлечение реквизитов из главного штампа (PDF/DWG),"**Описание**: Система извлекает реквизиты из главного штампа (title, cipher, sheetNumber, documentName, sheetFormat, designStage, organization, documentDate, revisionNumber) для PDF (МЧ/СО) и DWG.
**Роли/подразделения**: Инженер, ПТО
**Бизнес‑цели**: Формирование сводной спецификации; унификация спецификаций; подготовка к бюджетированию.
**Выход**: XLS по шаблону ПТО.
**Роли/ACL**: доступ к запуску — Пользователь (по роли/ACL проекта); доступ к результатам — по ACL проекта.
**Ошибки/исключения**: отсутствующие/некорректные поля штампа; низкая уверенность (< threshold) — помечать для ручной проверки; неподдерживаемая разметка штампа.
**Трассировка**: UC‑04, UC‑05 ↔ FR‑STAMP‑01..03, FR‑DAT‑02/‑05
**Статус зрелости**: Draft (awaits prototype confirmation)",business-requirements.md,business-requirements.md → Business Requirements Document (BRD) - Проект AI GOST → 2.2 Дополнительные бизнес‑требования из входных документов (1–8) → BR-014: Извлечение реквизитов из главного штампа (PDF/DWG),-
BR-015,BR,Табличное содержание спецификаций (PDF/DWG),"**Описание**: Автоматическое извлечение табличного содержания спецификаций (PDF/DWG), включая расчетные формулы (где применимо), с валидацией извлеченных данных и обработкой ошибок.
**Типы таблиц**: материалы, оборудование, работы/операции, ведомости спецификаций (позиции, количества, единицы, примечания).
**Роли/подразделения**: Инженер, ПТО
**Бизнес‑цели**: Сводные спецификации по проектам; унификация.
**Выход**: XLS.
**Валидация данных**: проверка корректности формул и пересчётов; контроль обязательных полей (наименование, единица измерения, количество, цена/стоимость где применимо); проверка согласованности итогов.
**Роли/ACL**: запуск — Пользователь (по ACL проекта); просмотр результатов — по ACL проекта.
**Ошибки/исключения**: некорректные структуры таблиц/объединения ячеек; несоответствие форматов чисел; расхождение итогов — выдавать отчёт с указанием строк/ячеек.
**Трассировка**: UC‑04, UC‑05 ↔ FR‑TABLE‑01..04, FR‑FORMULA‑01..02, FR‑DAT‑02/‑05
**Статус зрелости**: Draft (awaits prototype confirmation)",business-requirements.md,business-requirements.md → Business Requirements Document (BRD) - Проект AI GOST → 2.2 Дополнительные бизнес‑требования из входных документов (1–8) → BR-015: Табличное содержание спецификаций (PDF/DWG),-
BR-016,BR,Нормализация смет (ARP/GSFX/XML/XLS),"**Описание**: Парсинг сметных документов в единую модель Estimate с привязкой к шифру РД; валидация totals/единиц/обязательных полей; сохранение формул (если доступны); поддержка конвертации форматов туда/обратно для интеграции с внешними системами; обработка ошибок.
**Суть модели Estimate**: разделы → позиции → ресурсы; для каждой позиции: наименование, единица измерения, количество, единичная цена, сумма; ссылки на нормы (ГЭСН/ФЕР/ТСН), коэффициенты/надбавки; для ресурсов: тип, количество, цена.
**Роли/подразделения**: Инженер‑сметчик, Сметный отдел
**Бизнес‑цели**: Анализ и корректировка смет; формирование бюджета.
**Выход**: Нормализованный JSON + XLS; экспорт/импорт в ARP/GSFX/XML/XLS для интеграций (где применимо).
**Правила валидации**: сверка подсумм и итогов по разделам/всей смете; проверка обязательных полей; единообразие и сопоставимость единиц измерения; допустимые диапазоны значений; сверка формул и результатов пересчётов.
**Роли/ACL**: запуск — Пользователь (сметчик) по ACL проекта; доступ к выгрузкам — по ACL отдела.
**Ошибки/исключения**: несовместимые версии форматов; отсутствие критических полей; расхождение totals — формировать отчёт с детализацией и кодами ошибок.
**Трассировка**: UC‑05, UC‑12 ↔ FR‑ESTIMATE‑01..06, FR‑DAT‑02/‑05, FR‑VALID‑01..03
**Статус зрелости**: Draft (awaits prototype confirmation)",business-requirements.md,business-requirements.md → Business Requirements Document (BRD) - Проект AI GOST → 2.2 Дополнительные бизнес‑требования из входных документов (1–8) → BR-016: Нормализация смет (ARP/GSFX/XML/XLS),-
BR-017,BR,Выжимки из нормативных документов (DOCX → PDF),"**Описание**: Извлечение реквизитов нормативных документов (наименование, номер, дата утверждения) и формирование выжимок по запросу; экспорт в PDF по шаблону; обработка ошибок ссылок и отсутствующих метаданных.
**Состав выжимки**: заголовок документа; редакция/дата/номер; перечень релевантных разделов/пунктов; выдержки текста по запросу; ссылки на пункты и источник.
**Шаблоны PDF**: шапка/подвал, нумерация страниц, оглавление (при необходимости), оформление по стандарту заказчика.
**Валидация**: проверка корректности ссылок на пункты; наличие и корректность метаданных (код, номер, дата, редакция); соответствие шаблону оформления.
**Роли/подразделения**: Юрист, Юр. отдел
**Бизнес‑цели**: Работа с нормативными документами; подготовка сопутствующих документов.
**Выход**: PDF + ссылки на источники.
**Трассировка**: UC‑07, UC‑08 ↔ FR‑NORM‑EXTRACT‑01..03, FR‑REPORT‑01..02
**Роли/ACL**: запуск — Пользователь (Юр. отдел); просмотр/экспорт — по ACL отдела; ограничения на распространение вне периметра.
**Ошибки/исключения**: недоступные/повреждённые источники; отсутствующие пункты; неоднозначные ссылки — помечать и включать в отчёт.
**Статус зрелости**: Draft (awaits prototype confirmation)",business-requirements.md,business-requirements.md → Business Requirements Document (BRD) - Проект AI GOST → 2.2 Дополнительные бизнес‑требования из входных документов (1–8) → BR-017: Выжимки из нормативных документов (DOCX → PDF),-
BR-018,BR,Отчёты по шаблонам подразделений (XLSX),"**Описание**: Генерация Excel‑отчетов по утвержденным шаблонам подразделений (ПТО, Сметный отдел) с проверкой структуры и форматирования; поддержка многолистовых книг и автозаполнения полей шапки (projectName, designStage, rdCipher); обработка ошибок соответствия шаблону.
**Реестр шаблонов**: каталог шаблонов с версиями, владельцем, датой утверждения и областью применения; валидация соответствия версии шаблона.
**Роли/подразделения**: ПТО, Сметный отдел
**Бизнес‑цели**: Сводки, анализ, бюджетирование.
**Вход/Выход**: Вход — данные из системы; Выход — XLSX, соответствующий активной версии шаблона.
**Валидация**: структура листов и имен; стили и форматирование; типы данных/форматы; обязательные поля; корректность формул; диапазоны печати и параметры страницы.
**Критерии приемки**:
- Формирование отчётов, полностью соответствующих активной версии шаблона
- Автозаполнение полей шапки проекта
- Поддержка многолистовых отчётов и ссылок между листами
- Валидация структуры/стилей/типов данных/формул/печати проходит без ошибок
**Трассировка**: UC‑06, UC‑12 ↔ FR‑EXCEL‑TPL‑01..04, FR‑DAT‑02, FR‑FORMULA‑01..02
**Роли/ACL**: запуск — Пользователь по ACL проекта; публикация/распространение — по политике подразделения.
**Ошибки/исключения**: несоответствие шаблону (листы/стили/формулы) — формировать отчёт с перечнем нарушений и рекомендациями.
**Статус зрелости**: Draft (awaits prototype confirmation)",business-requirements.md,business-requirements.md → Business Requirements Document (BRD) - Проект AI GOST → 2.2 Дополнительные бизнес‑требования из входных документов (1–8) → BR-018: Отчёты по шаблонам подразделений (XLSX),-
FR-QUERY-01,FR,Прием текстовых запросов пользователей на русском языке,Прием текстовых запросов пользователей на русском языке.,technical-requirements.md,technical-requirements.md → Software Requirements Specification (SRS) — Проект «AI GOST» → 1. Введение → 1.1 Цель документа,-
FR-OCR-01,FR,Распознавание текста из PDF и изображений для обучения системы,Распознавание текста из PDF и изображений для обучения системы.,technical-requirements.md,technical-requirements.md → Software Requirements Specification (SRS) — Проект «AI GOST» → 1. Введение → 1.1 Цель документа,-
FR-NORMS-01,FR,Загрузка и изучение нормативных документов (ГОСТы),Загрузка и изучение нормативных документов (ГОСТы).,technical-requirements.md,technical-requirements.md → Software Requirements Specification (SRS) — Проект «AI GOST» → 1. Введение → 1.1 Цель документа,-
FR-DAT-01,FR,Автоопределение типа документа (pdf/image/dwg/smeta_arp/smeta_gsfx/normative/unknown),Автоопределение типа документа (pdf/image/dwg/smeta_arp/smeta_gsfx/normative/unknown).,technical-requirements.md,technical-requirements.md → Software Requirements Specification (SRS) — Проект «AI GOST» → 1. Введение → 1.1 Цель документа,-
FR-LOG-01,FR,"Единый формат лога обработки: {timestamp, level, code, message, documentId, inputPath, outputPath, stage, details}","Единый формат лога обработки: {timestamp, level, code, message, documentId, inputPath, outputPath, stage, details}.",technical-requirements.md,technical-requirements.md → Software Requirements Specification (SRS) — Проект «AI GOST» → 1. Введение → 1.1 Цель документа,-
FR-ART-01,FR,Формирование набора артефактов для демонстраций (JSON/XLSX/логи) с ссылками для воспроизводимости,Формирование набора артефактов для демонстраций (JSON/XLSX/логи) с ссылками для воспроизводимости.,technical-requirements.md,technical-requirements.md → Software Requirements Specification (SRS) — Проект «AI GOST» → 1. Введение → 1.1 Цель документа,-
FR-KNOW-01,FR,Переносимый контекст обучения,Контекст хранится по projectId в базе знаний, экспортируется через API пакетами JSON и может подписываться другими проектами.,technical-requirements.md,technical-requirements.md → Software Requirements Specification (SRS) — Проект «AI GOST» → 3.3.9 Управление знаниями и обновлениями,BR-003, BR-005, FR-LEARN-02, FR-DAT-04, FR-LOG-02, FR-ACCESS-05
FR-KNOW-02,FR,Процедура миграции знаний,Формирует diff, запускает smoke-тест, требует ручного подтверждения и создаёт rollback-пакет.,technical-requirements.md,technical-requirements.md → Software Requirements Specification (SRS) — Проект «AI GOST» → 3.3.9 Управление знаниями и обновлениями,BR-003, FR-KNOW-01, FR-DAT-04, FR-LOG-02, FR-ACCESS-05
FR-KNOW-03,FR,Ручная проверка обновлений нормативной базы,Администратор вручную запускает проверку локальных каталогов, система сравнивает версии и формирует diff-отчёт с предложением обновить.,technical-requirements.md,technical-requirements.md → Software Requirements Specification (SRS) — Проект «AI GOST» → 3.3.9 Управление знаниями и обновлениями,BR-007, BR-017, FR-NORMS-01, FR-NORMS-02, FR-NORMS-03, FR-KNOW-02, FR-LOG-02
FR-KNOW-04,FR,Логирование обновлений нормативных данных,Сохраняет источники и версии успешных обновлений, а ошибки собирает в отдельном отчёте incidents.json.,technical-requirements.md,technical-requirements.md → Software Requirements Specification (SRS) — Проект «AI GOST» → 3.3.9 Управление знаниями и обновлениями,BR-007, BR-017, FR-KNOW-03, FR-LOG-02, FR-ACCESS-05
FR-KNOW-05,FR,Двусторонний API для внешних систем,REST API с токенами: внешние системы получают знания и отправляют комментарии/актуализации; поддержаны webhooks.,technical-requirements.md,technical-requirements.md → Software Requirements Specification (SRS) — Проект «AI GOST» → 3.3.9 Управление знаниями и обновлениями,BR-003, BR-017, FR-KNOW-01, FR-KNOW-02, FR-ACCESS-05, FR-LOG-02
FR-QUERY-02,FR,Анализ запросов и понимание контекста проектов,Анализ запросов и понимание контекста проектов.,technical-requirements.md,technical-requirements.md → Software Requirements Specification (SRS) — Проект «AI GOST» → 1. Введение → 1.1 Цель документа,-
FR-PROJECT-02,FR,"Поиск аналогов по проектам (""где у нас есть козырьки"")","Поиск аналогов по проектам (""где у нас есть козырьки"").",technical-requirements.md,technical-requirements.md → Software Requirements Specification (SRS) — Проект «AI GOST» → 1. Введение → 1.1 Цель документа,-
FR-OCR-02,FR,Улучшенная обработка сложных сканов,"Компактное описание: повышает читаемость низкокачественных сканов, выделяет штампы и распознает рукописные элементы. Acceptance: прирост PSNR/SSIM ≥20%, штампы локализуются с точностью ≥95%, рукописный текст распознается с точностью ≥85%.",technical-requirements.md,technical-requirements.md → Software Requirements Specification (SRS) — Проект «AI GOST» → 3.3.4 Извлечение данных из документов (OCR),FR-OCR-01B, FR-STAMP-01, FR-LOG-02
FR-EXCEL-02,FR,Форматирование таблиц и диаграмм в Excel,Форматирование таблиц и диаграмм в Excel.,technical-requirements.md,technical-requirements.md → Software Requirements Specification (SRS) — Проект «AI GOST» → 1. Введение → 1.1 Цель документа,-
FR-NORMS-02,FR,Создание базы знаний по нормативам,Создание базы знаний по нормативам.,technical-requirements.md,technical-requirements.md → Software Requirements Specification (SRS) — Проект «AI GOST» → 1. Введение → 1.1 Цель документа,-
FR-DAT-02,FR,"Хранение метаданных (имя файла, MIME, язык, страницы, дата загрузки, проект)","Хранение метаданных (имя файла, MIME, язык, страницы, дата загрузки, проект).",technical-requirements.md,technical-requirements.md → Software Requirements Specification (SRS) — Проект «AI GOST» → 1. Введение → 1.1 Цель документа,-
FR-LOG-02,FR,Сохранение артефактов обработки (metadata/titleBlock/tables/estimate) в предсказуемой структуре каталогов,Сохранение артефактов обработки (metadata/titleBlock/tables/estimate) в предсказуемой структуре каталогов.,technical-requirements.md,technical-requirements.md → Software Requirements Specification (SRS) — Проект «AI GOST» → 1. Введение → 1.1 Цель документа,-
FR-ACCESS-01,FR,Ролевое управление доступом,Teacher управляет обучением и задачами; User может запускать запросы, а дополнительные права выдаются точечно по проектам с аудитом.,technical-requirements.md,technical-requirements.md → Software Requirements Specification (SRS) — Проект «AI GOST» → 3.3.8 Управление доступом и ролевая модель,BR-003, BR-005, FR-ACCESS-02, FR-ACCESS-03, FR-LOG-02, FR-PROJECT-01
FR-ACCESS-02,FR,Контроль доступа Teacher к обучению,Teacher запускает обучение только по проектам с доступом; требуется approval администратора; загрузки доступны Teacher и уполномоченным User.,technical-requirements.md,technical-requirements.md → Software Requirements Specification (SRS) — Проект «AI GOST» → 3.3.8 Управление доступом и ролевая модель,BR-003, BR-005, FR-ACCESS-01, FR-LEARN-01, FR-LEARN-02, FR-LOG-02
FR-ACCESS-03,FR,Контроль запросов пользователей,User видит и запускает запросы только по проектам из ACL; нарушения блокируются и логируются.,technical-requirements.md,technical-requirements.md → Software Requirements Specification (SRS) — Проект «AI GOST» → 3.3.8 Управление доступом и ролевая модель,BR-003, BR-005, FR-ACCESS-01, FR-ACCESS-02, FR-LOG-02, FR-PROJECT-01
FR-ACCESS-04,FR,Аудит действий Teacher/User,Логирует каждое действие с userId/role/projectId и хранит ≥12 месяцев; Teacher видит только свои проекты, администратор — всё.,technical-requirements.md,technical-requirements.md → Software Requirements Specification (SRS) — Проект «AI GOST» → 3.3.8 Управление доступом и ролевая модель,BR-003, BR-005, FR-ACCESS-01, FR-ACCESS-02, FR-ACCESS-03, FR-LOG-02
FR-ACCESS-05,FR,Ручное управление правами администратора,Администратор назначает/отзывает роли и проектные привилегии вручную, фиксируя причину, изменения применяются сразу и логируются.,technical-requirements.md,technical-requirements.md → Software Requirements Specification (SRS) — Проект «AI GOST» → 3.3.8 Управление доступом и ролевая модель,BR-003, BR-005, FR-ACCESS-01, FR-ACCESS-02, FR-ACCESS-03, FR-ACCESS-04, FR-LOG-02, FR-PROJECT-01
FR-LEARN-03,FR,Версионирование знаний,"Компактное описание: создает версии знаний с provenance, позволяет rollback и пометку Reference. Обучение: фиксирует changeSummary для анализа улучшений. Acceptance: API create/list/get/rollback/markReference работает, версия содержит ссылки на артефакты, rollback создает новую запись с причиной.",technical-requirements.md,technical-requirements.md → Software Requirements Specification (SRS) — Проект «AI GOST» → 3.3.1 Обучение системы на документах,FR-LEARN-02, FR-DAT-04
FR-QUERY-03,FR,Поиск релевантной информации в базе знаний,Поиск релевантной информации в базе знаний.,technical-requirements.md,technical-requirements.md → Software Requirements Specification (SRS) — Проект «AI GOST» → 1. Введение → 1.1 Цель документа,-
FR-PROJECT-03,FR,Извлечение данных в контексте проектов,Извлечение данных в контексте проектов.,technical-requirements.md,technical-requirements.md → Software Requirements Specification (SRS) — Проект «AI GOST» → 1. Введение → 1.1 Цель документа,-
FR-OCR-03,FR,Поддержка русского языка в документах,Поддержка русского языка в документах.,technical-requirements.md,technical-requirements.md → Software Requirements Specification (SRS) — Проект «AI GOST» → 1. Введение → 1.1 Цель документа,-
FR-EXCEL-03,FR,Экспорт данных в Excel формат,Экспорт данных в Excel формат.,technical-requirements.md,technical-requirements.md → Software Requirements Specification (SRS) — Проект «AI GOST» → 1. Введение → 1.1 Цель документа,-
FR-NORMS-03,FR,Валидация данных по нормативным требованиям,Валидация данных по нормативным требованиям.,technical-requirements.md,technical-requirements.md → Software Requirements Specification (SRS) — Проект «AI GOST» → 1. Введение → 1.1 Цель документа,-
FR-DAT-03,FR,Логирование шагов обработки и обучения (pipeline),Логирование шагов обработки и обучения (pipeline).,technical-requirements.md,technical-requirements.md → Software Requirements Specification (SRS) — Проект «AI GOST» → 1. Введение → 1.1 Цель документа,-
FR-LEARN-04,FR,Контроль качества знаний,"Компактное описание: проверяет дубликаты, ошибки парсинга и полноту перед публикацией версии. Acceptance: qualityReport.json/.md формируется, blockPublish выставляется для ошибок, логи содержат requestId и решения.",technical-requirements.md,technical-requirements.md → Software Requirements Specification (SRS) — Проект «AI GOST» → 3.3.1 Обучение системы на документах,FR-LEARN-03, FR-DAT-03, FR-LOG-01

Связанные UC: UC-01, UC-11",technical-requirements.md,technical-requirements.md → Software Requirements Specification (SRS) — Проект «AI GOST» → 1. Введение → 1.1 Цель документа,"UC-01, UC-11"
FR-QUERY-04,FR,Формирование структурированных ответов на запросы,"Формирование структурированных ответов на запросы.

Связанные UC: UC-02, UC-12",technical-requirements.md,technical-requirements.md → Software Requirements Specification (SRS) — Проект «AI GOST» → 1. Введение → 1.1 Цель документа,"UC-02, UC-12"
FR-PROJECT-04,FR,Формирование отчетов по проектам,"Формирование отчетов по проектам.

Связанные UC: UC-03, UC-13",technical-requirements.md,technical-requirements.md → Software Requirements Specification (SRS) — Проект «AI GOST» → 1. Введение → 1.1 Цель документа,"UC-03, UC-13"
FR-OCR-04,FR,Структурирование извлеченных данных для базы знаний,"Структурирование извлеченных данных для базы знаний.

Дополнения:",technical-requirements.md,technical-requirements.md → Software Requirements Specification (SRS) — Проект «AI GOST» → 1. Введение → 1.1 Цель документа,-
FR-EXCEL-04,FR,Валидация корректности Excel отчетов,"Валидация корректности Excel отчетов.

Дополнения:",technical-requirements.md,technical-requirements.md → Software Requirements Specification (SRS) — Проект «AI GOST» → 1. Введение → 1.1 Цель документа,-
FR-NORMS-04,FR,Поиск по нормативной базе,"Поиск по нормативной базе.

Дополнения:",technical-requirements.md,technical-requirements.md → Software Requirements Specification (SRS) — Проект «AI GOST» → 1. Введение → 1.1 Цель документа,-
FR-DAT-04,FR,Версионирование результатов обучения и базы знаний,"Версионирование результатов обучения и базы знаний.

Дополнения:",technical-requirements.md,technical-requirements.md → Software Requirements Specification (SRS) — Проект «AI GOST» → 1. Введение → 1.1 Цель документа,-
FR-OCR-05,FR,"Header stamp parsing for PDF (scan) with fields: title, cipher, sheetNumber, documentName, sheetFormat, designStage, org","Header stamp parsing for PDF (scan) with fields: title, cipher, sheetNumber, documentName, sheetFormat, designStage, organization, documentDate, revisionNumber.",technical-requirements.md,technical-requirements.md → Software Requirements Specification (SRS) — Проект «AI GOST» → 1. Введение → 1.1 Цель документа,-
FR-EXCEL-05,FR,Generate department-specific reports for PTO and Cost Estimation using approved templates; enforce structure and formatt,"Generate department-specific reports for PTO and Cost Estimation using approved templates; enforce structure and formatting.

Связанные UC: UC-05, UC-15",technical-requirements.md,technical-requirements.md → Software Requirements Specification (SRS) — Проект «AI GOST» → 1. Введение → 1.1 Цель документа,"UC-05, UC-15"
FR-NORM-05,FR,"Parse DOCX normative documents metadata (name, number, approval date) and support query-based excerpts","Parse DOCX normative documents metadata (name, number, approval date) and support query-based excerpts.",technical-requirements.md,technical-requirements.md → Software Requirements Specification (SRS) — Проект «AI GOST» → 1. Введение → 1.1 Цель документа,-
FR-DAT-05,FR,Detect PDF source type (mc_pdf vs scan_pdf) and route to format-specific pipeline,Detect PDF source type (mc_pdf vs scan_pdf) and route to format-specific pipeline.,technical-requirements.md,technical-requirements.md → Software Requirements Specification (SRS) — Проект «AI GOST» → 1. Введение → 1.1 Цель документа,-
FR-OCR-06,FR,"Branching pipeline for PDF types: machine-readable vs scan image; apply pre-processing for scans (deskew, denoise, binar","Branching pipeline for PDF types: machine-readable vs scan image; apply pre-processing for scans (deskew, denoise, binarization).

Связанные UC: UC-04, UC-14",technical-requirements.md,technical-requirements.md → Software Requirements Specification (SRS) — Проект «AI GOST» → 1. Введение → 1.1 Цель документа,"UC-04, UC-14"
FR-NORM-06,FR,Export excerpts to PDF with source references,"Export excerpts to PDF with source references.

Связанные UC: UC-06, UC-16",technical-requirements.md,technical-requirements.md → Software Requirements Specification (SRS) — Проект «AI GOST» → 1. Введение → 1.1 Цель документа,"UC-06, UC-16"
FR-DAT-06,FR,Parse DWG title blocks and extract table-like content from text layers/blocks,Parse DWG title blocks and extract table-like content from text layers/blocks.,technical-requirements.md,technical-requirements.md → Software Requirements Specification (SRS) — Проект «AI GOST» → 1. Введение → 1.1 Цель документа,-
FR-DAT-07,FR,Parse Estimates (ARP/GSFX/XML/XLS) to a unified Estimate model; validate totals/units; bind to RD cipher,Parse Estimates (ARP/GSFX/XML/XLS) to a unified Estimate model; validate totals/units; bind to RD cipher.,technical-requirements.md,technical-requirements.md → Software Requirements Specification (SRS) — Проект «AI GOST» → 1. Введение → 1.1 Цель документа,-
FR-DAT-08,FR,Persist header stamp fields into `DocumentMetadata,Persist header stamp fields into `DocumentMetadata.titleBlock` with per-field confidence and audit log.,technical-requirements.md,technical-requirements.md → Software Requirements Specification (SRS) — Проект «AI GOST» → 1. Введение → 1.1 Цель документа,-
UC-01,UC,Обучение системы на документах,"Учитель загружает проверенные документы для обучения системы
Main: Загрузка документа → анализ содержимого → извлечение знаний → сохранение в базе знаний → валидация обучения",use-cases.md,use-cases.md → Use Cases - Проект AI GOST → Трассировка BR ↔ UC → Термины и сокращения (кратко),"BR-001 ↔ SRS FR‑LEARN‑01..04, metrics.md"
UC-02,UC,Обработка текстовых запросов,"Пользователь делает текстовый запрос и получает структурированный ответ
Main: Ввод текстового запроса → анализ запроса → поиск в базе знаний → формирование ответа → вывод результата",use-cases.md,use-cases.md → Use Cases - Проект AI GOST → Трассировка BR ↔ UC → Термины и сокращения (кратко),"BR-002 ↔ SRS FR‑QUERY‑01..04, metrics.md"
UC-03,UC,Проектно-ориентированная работа,"Система работает с данными в контексте конкретных проектов
Main: Выбор проекта → запрос данных по проекту → извлечение данных → формирование отчета",use-cases.md,use-cases.md → Use Cases - Проект AI GOST → Трассировка BR ↔ UC → Термины и сокращения (кратко),"BR-003 ↔ SRS FR‑PROJECT‑01..04, metrics.md"
UC-04,UC,Извлечение данных из документов (OCR),"Система извлекает текст и данные из документов для обучения
Main: Определение типа документа (mc_pdf/scan_pdf) → (для scan_pdf: предобработка) → OCR обработка → извлечение текста и реквизитов штампа → структурирование данных",use-cases.md,use-cases.md → Use Cases - Проект AI GOST → Трассировка BR ↔ UC → Термины и сокращения (кратко),"BR-005 ↔ SRS FR‑OCR‑01..04, metrics.md"
UC-04a,UC,DWG Title Block and Table Extraction,"Извлечение реквизитов штампа и табличного содержания из DWG
Main: Извлечение текстовых слоёв → парсинг штампа (title, cipher, sheetNumber, documentName, sheetFormat, designStage, organization, documentDate, revisionNumber) → извлечение табличных блоков → структурирование",use-cases.md,use-cases.md → Use Cases - Проект AI GOST → Трассировка BR ↔ UC → Термины и сокращения (кратко),-
UC-04b,UC,Estimate Parsing (ARP/GSFX/XML/XLS),"Парсинг сметных документов в единую модель Estimate с валидацией
Main: Определение формата → парсинг разделов/позиций/формул → привязка к шифру РД → валидация totals/единиц → структурирование и экспорт в XLSX",use-cases.md,use-cases.md → Use Cases - Проект AI GOST → Трассировка BR ↔ UC → Термины и сокращения (кратко),-
UC-05,UC,Формирование отчетов в Excel,"Система создает структурированные отчеты в Excel по запросам
Main: Запрос отчета → извлечение данных → структурирование → выбор шаблона подразделения (ПТО/Сметный отдел) → форматирование → создание Excel файла",use-cases.md,use-cases.md → Use Cases - Проект AI GOST → Трассировка BR ↔ UC → Термины и сокращения (кратко),"BR-006 ↔ SRS FR‑EXCEL‑01..04, metrics.md"
UC-06,UC,Работа с нормативной базой (ГОСТы),"Система изучает и использует нормативные документы для валидации
Main: Загрузка ГОСТов → анализ нормативов → создание базы знаний → валидация данных",use-cases.md,use-cases.md → Use Cases - Проект AI GOST → Трассировка BR ↔ UC → Термины и сокращения (кратко),"BR-007 ↔ SRS FR‑NORMS‑01..04, metrics.md"
UC-11,UC,Поиск аналогов по проектам,"Пользователь ищет похожие проекты для извлечения данных
Main: Запрос ""где у нас есть козырьки"" → поиск в базе знаний → анализ похожих проектов → извлечение данных → формирование отчета",use-cases.md,use-cases.md → Use Cases - Проект AI GOST → Трассировка BR ↔ UC → Термины и сокращения (кратко),-
UC-12,UC,Извлечение ведомостей объемов работ,"Система извлекает ведомости объемов работ из чертежей по проекту
Main: Запрос ведомости по проекту → анализ чертежей → извлечение объемов → структурирование → создание Excel отчета",use-cases.md,use-cases.md → Use Cases - Проект AI GOST → Трассировка BR ↔ UC → Термины и сокращения (кратко),-
UC-13,UC,Формирование комплектов рабочей документации,"Система формирует полные комплекты документации по проекту
Main: Запрос комплекта документации → анализ проекта → сбор документов → формирование списка → создание отчета",use-cases.md,use-cases.md → Use Cases - Проект AI GOST → Трассировка BR ↔ UC → Термины и сокращения (кратко),-
UC-14,UC,Обработка спецификации анкерных блоков,"Автоматическое извлечение и структурирование данных из спецификации металлических конструкций
Main: Загрузка спецификации → OCR обработка → извлечение позиций → распознавание ГОСТов → структурирование → валидация масс",use-cases.md,use-cases.md → Use Cases - Проект AI GOST → Трассировка BR ↔ UC → Термины и сокращения (кратко),-
UC-15,UC,Обработка архитектурно-строительных чертежей,"Извлечение данных из архитектурно-строительных чертежей (АР)
Main: Загрузка чертежей → OCR обработка → извлечение размеров → распознавание обозначений → анализ спецификаций",use-cases.md,use-cases.md → Use Cases - Проект AI GOST → Трассировка BR ↔ UC → Термины и сокращения (кратко),-
UC-16,UC,Работа с нормативными документами,"Система изучает и использует ГОСТы для валидации данных
Main: Загрузка ГОСТов → анализ нормативов → создание базы знаний → валидация данных → поиск по нормативам",use-cases.md,use-cases.md → Use Cases - Проект AI GOST → Трассировка BR ↔ UC → Термины и сокращения (кратко),-
FR-EXCEL-01,FR,Создание структурированных отчетов в Excel по запросам,"**Обновлено на основе живых юз кейсов**: Специализированные типы отчетов - сводная спецификация (8 столбцов), унификация (20 столбцов), бюджетирование (27 столбцов). Пошаговые алгоритмы: алгоритм 1.1 (7 шагов), алгоритм 1.2 (7 шагов), алгоритм 1.3 (8 шагов). Итерационный процесс трансформации документов.",technical-requirements.md,technical-requirements.md → Software Requirements Specification (SRS) — Проект «AI GOST» → 3.3.5 Формирование отчетов в Excel,UC-21.1, UC-21.2, UC-21.3
FR-PROJECT-01,FR,Привязка всех данных к конкретным проектам,"**Обновлено на основе живых юз кейсов**: Добавлена привязка ценовой информации к проектам для бюджетирования и унификации спецификаций. Структура ценовых данных: priceId, projectId, itemCode, itemName, unitPrice, currency, supplierId, contractId, priceDate, validityPeriod, priceSource. Интеграция с бюджетированием.",technical-requirements.md,technical-requirements.md → Software Requirements Specification (SRS) — Проект «AI GOST» → 3.3.3 Проектно-ориентированная работа,FR-EXCEL-08, FR-TABLE-01
FR-TABLE-01,FR,Извлечение табличных спецификаций с ценами,"Компактное описание: извлекает таблицы материалов, оборудования и работ из PDF/DWG, парсит единицы, количества и цены, сохраняет координаты и метрики качества. Обучение: запоминает шаблоны таблиц и источники цен по проектам. Acceptance: полнота ≥95%, заполненность ценовых полей ≥90%, JSON/CSV с confidence ≥0.8.",technical-requirements.md,technical-requirements.md → Software Requirements Specification (SRS) — Проект «AI GOST» → 3.3.11 Табличные данные и формулы (PDF/DWG),FR-EXCEL-01, FR-PROJECT-01
FR-TABLE-02,FR,Сохранение структуры таблиц,"Компактное описание: восстанавливает merged ячейки, заголовки и типы данных при извлечении, сохраняет структуру в tables.json. Acceptance: 100% объединений и hierarchy фиксируются, итоговые строки содержат formulaType, recreate XLSX проходит без потерь.",technical-requirements.md,technical-requirements.md → Software Requirements Specification (SRS) — Проект «AI GOST» → 3.3.11 Табличные данные и формулы (PDF/DWG),FR-TABLE-01, FR-FORMULA-01, FR-EXCEL-06
FR-TABLE-03,FR,Валидация обязательных полей таблиц,"Компактное описание: проверяет наличие ключевых колонок, типы данных и диапазоны, формирует отчет с уровнями критичности. Acceptance: пропуски обнаруживаются с recall=1.0, report.json хранит колонку/строку/уровень/suggestedFix, версия справочника фиксируется.",technical-requirements.md,technical-requirements.md → Software Requirements Specification (SRS) — Проект «AI GOST» → 3.3.11 Табличные данные и формулы (PDF/DWG),FR-TABLE-01, FR-TABLE-02, FR-KNOW-01
FR-TABLE-04,FR,Валидация согласованности итогов,"Компактное описание: пересчитывает суммы и сравнивает с итогами документа, классифицирует расхождения и сохраняет их в formulaValidation.json. Acceptance: расхождения >1% обнаруживаются с точностью ≥95%, отчет содержит ссылку на ячейку и fix, данные синхронизируются с FR-FORMULA-02.",technical-requirements.md,technical-requirements.md → Software Requirements Specification (SRS) — Проект «AI GOST» → 3.3.11 Табличные данные и формулы (PDF/DWG),FR-TABLE-01, FR-FORMULA-01, FR-FORMULA-02
FR-ESTIMATE-01,FR,Унифицированная модель данных для сметных документов,"**Новое требование**: Система должна предоставлять единую модель Estimate для представления сметных документов в структурированном виде независимо от исходного формата (ARP, GSFX, XML, XLS). Модель должна обеспечивать иерархию: разделы → позиции → ресурсы с полным набором атрибутов (наименование, единица измерения, количество, единичная цена, сумма) для каждого уровня. Обязательные поля: наименование, единица измерения, количество для позиций; код, наименование для разделов; наименование, номер для заголовка. Валидация: количество > 0, единичная цена ≥ 0, сумма = количество × единичная цена, соответствие единиц измерения справочнику. Обработка ошибок с уровнями критичности и формированием отчетов о проблемных полях.",technical-requirements.md,technical-requirements.md → Software Requirements Specification (SRS) — Проект «AI GOST» → 3.3.12 Сметы (Estimate) и обмен форматами,BR-016, UC-27..UC-32, UC-35, FR-ESTIMATE-02..06
FR-ESTIMATE-03,FR,Валидация итогов и обязательных полей Estimate,Сверяет смету с эталонным шаблоном, формирует отчёт с уровнями критичности и рекомендациями.,technical-requirements.md,technical-requirements.md → Software Requirements Specification (SRS) — Проект «AI GOST» → 3.3.12 Сметы (Estimate) и обмен форматами,BR-016, FR-ESTIMATE-01, FR-ESTIMATE-02, FR-TABLE-03
FR-ESTIMATE-04,FR,Round-trip обмен сметными форматами,Импорт ARP/GSFX/XML/XLS в модель Estimate и экспорт без потерь структуры и формул; warning-отчёт по частично поддержанным элементам.,technical-requirements.md,technical-requirements.md → Software Requirements Specification (SRS) — Проект «AI GOST» → 3.3.12 Сметы (Estimate) и обмен форматами,BR-016, FR-ESTIMATE-01, FR-ESTIMATE-02, FR-ESTIMATE-03, FR-TABLE-02, FR-TABLE-04
FR-ESTIMATE-05,FR,Перенос и проверка формул при импорте,Переносит формулы ARP/GSFX/XML/XLS в Estimate, проверяет ссылки; ошибки помечает Broken и требует ручной правки.,technical-requirements.md,technical-requirements.md → Software Requirements Specification (SRS) — Проект «AI GOST» → 3.3.12 Сметы (Estimate) и обмен форматами,BR-016, FR-ESTIMATE-01, FR-ESTIMATE-04, FR-FORMULA-01, FR-LOG-02
FR-ESTIMATE-06,FR,Привязка Estimate к шифру РД,Наследует projectId/rdCipher, блокирует расхождения и помечает внешние ссылки как External до согласования.,technical-requirements.md,technical-requirements.md → Software Requirements Specification (SRS) — Проект «AI GOST» → 3.3.12 Сметы (Estimate) и обмен форматами,BR-016, FR-PROJECT-01, FR-ESTIMATE-01, FR-ESTIMATE-02, FR-LOG-02
FR-ESTIMATE-02,FR,Привязка позиций Estimate к нормам,Полуавтоматический подбор до трёх норм GESN/FER/ТСН с предложением коэффициентов. Пользователь подтверждает или вводит вручную, решения логируются в artefact estimate.json.,technical-requirements.md,technical-requirements.md → Software Requirements Specification (SRS) — Проект «AI GOST» → 3.3.12 Сметы (Estimate) и обмен форматами,BR-016, FR-ESTIMATE-01, FR-TABLE-01, FR-KNOW-01
FR-EXCEL-08,FR,Бюджетирование проектов,"Компактное описание: объединяет спецификации с ценами и договорами, рассчитывает стоимости и фиксирует источники. Acceptance: шаблон 27 столбцов заполняется и проходит TPL проверки, отклонение ≤1%, источник цены хранится по каждой строке.",technical-requirements.md,technical-requirements.md → Software Requirements Specification (SRS) — Проект «AI GOST» → 3.3.5 Формирование отчетов в Excel,FR-TABLE-01, FR-PROJECT-01
FR-LEARN-01,FR,Загрузка проверенных документов учителем системы,"**Обновлено на основе чата с заказчиком**: Добавлены конкретные инструкции для системы по каждой прикладной задаче. Задача 1.1 'Сводная спецификация' (8 столбцов), Задача 1.2 'Унификация спецификации' (20 столбцов), Задача 1.3 'Бюджетирование проекта' (27 столбцов). Поддержка итерационных трансформаций документов.",technical-requirements.md,technical-requirements.md → Software Requirements Specification (SRS) — Проект «AI GOST» → 3.3.1 Обучение системы на документах,UC-21.1, UC-21.2, UC-21.3
FR-LEARN-02,FR,Обработка документов и извлечение знаний,"Компактное описание: выполняет выбранные задачи pipeline, формирует артефакты fullText/tables/estimate и ведет processing log. Обучение: использует ответы учителя для повторной обработки. Acceptance: артефакты создаются для контрольного пакета, цикл уточнений запускается при confidence<0.8, лог содержит requestId и коды шагов.",technical-requirements.md,technical-requirements.md → Software Requirements Specification (SRS) — Проект «AI GOST» → 3.3.1 Обучение системы на документах,UC-21.1, UC-21.2, UC-21.3
UC-21.1,UC,Создание сводной спецификации материалов и оборудования,"**Новый UC на основе живых юз кейсов**: Система создает базовую спецификацию из PDF документа с группировкой по категориям. Основной сценарий: Извлечение штампа → поиск таблиц спецификаций → распознавание заголовков → извлечение данных по строкам → классификация по категориям → создание Excel с 8 столбцами.",use-cases.md,use-cases.md → Use Cases - Проект AI GOST → Дополнительные Use Cases на основе живых юз кейсов (итерационные трансформации),FR-EXCEL-01, FR-TABLE-01, FR-STAMP-01
UC-21.2,UC,Унификация спецификации с проектной информацией,"**Новый UC на основе живых юз кейсов**: Система обогащает базовую спецификацию проектной информацией и стандартизирует позиции. Основной сценарий: Получение результата UC-21.1 → добавление проектных метаданных → стандартизация наименований → унификация единиц → добавление технических характеристик → создание Excel с 20 столбцами.",use-cases.md,use-cases.md → Use Cases - Проект AI GOST → Дополнительные Use Cases на основе живых юз кейсов (итерационные трансформации),FR-EXCEL-01, FR-PROJECT-01, FR-PROJECT-06
UC-21.3,UC,Бюджетирование проекта с ценовой информацией,"**Новый UC на основе живых юз кейсов**: Система создает финансовый отчет проекта с ценовой информацией и договорами поставщиков. Основной сценарий: Получение результата UC-21.2 → интеграция ценовой информации → привязка цен к позициям → расчет стоимости → добавление договорных условий → формирование итоговых сумм → создание Excel с 27 столбцами.",use-cases.md,use-cases.md → Use Cases - Проект AI GOST → Дополнительные Use Cases на основе живых юз кейсов (итерационные трансформации),FR-EXCEL-01, FR-EXCEL-08, FR-PROJECT-01, FR-TABLE-01
FR-FORMULA-01,FR,Детектирование и проверка формул,"Компактное описание: детектирует формулы в спецификациях, сметах и отчетах, проверяет синтаксис, ссылки и числовой результат, логирует источник и метаданные. Обучение: накапливает шаблоны и правила по типам проектов. Acceptance: покрытие ≥95%, проверка ≤5 сек/док, formulas.json с confidence ≥0.8.",technical-requirements.md,technical-requirements.md → Software Requirements Specification (SRS) — Проект «AI GOST» → 3.3.11 Табличные данные и формулы (PDF/DWG),BR-015, UC-22, UC-24, UC-26, FR-TABLE-01, FR-TABLE-02, FR-TABLE-03, FR-TABLE-04, FR-LEARN-01..04, FR-KNOW-01
FR-FORMULA-02,FR,Отчет о расхождениях расчетов и итогов,"Компактное описание: сравнивает пересчитанные итоги с извлеченными значениями, классифицирует расхождения и формирует отчет с рекомендациями. Обучение: накапливает правила устранения и частые ошибки проектов. Acceptance: точность ≥95% при пороге 2%, отчет со ссылками сохраняется в formulaValidation.json.",technical-requirements.md,technical-requirements.md → Software Requirements Specification (SRS) — Проект «AI GOST» → 3.3.11 Табличные данные и формулы (PDF/DWG),BR-015, UC-22, UC-24, UC-26, FR-TABLE-01..04, FR-FORMULA-01, FR-KNOW-01, FR-PROJECT-03
FR-EXCEL-06,FR,Многолистовые Excel-книги с умными связями,"Компактное описание: создает многолистовые книги для сценариев 1.1–1.3, строит перекрестные ссылки и именованные диапазоны, поддерживает адаптивную структуру. Обучение: хранит структуры книг и связи в workbookStructure.json. Acceptance: генерация ≤30 сек, ссылки без циклов, артефакт с версией и описанием проекта.",technical-requirements.md,technical-requirements.md → Software Requirements Specification (SRS) — Проект «AI GOST» → 3.3.5 Формирование отчетов в Excel,BR-018, UC-05, FR-FORMULA-01, FR-EXCEL-TPL-01, FR-LOG-02, FR-KNOW-01, FR-PROJECT-03
FR-EXCEL-07,FR,Автозаполнение заголовков Excel,"Компактное описание: подставляет данные из titleBlock, метаданных проекта и профиля пользователя, хранит метаданные заполнения. Acceptance: заполнение ≤5 сек, headerTemplates.json обновляется, при confidence<0.7 создается рекомендация.",technical-requirements.md,technical-requirements.md → Software Requirements Specification (SRS) — Проект «AI GOST» → 3.3.5 Формирование отчетов в Excel,FR-PROJECT-01, FR-OCR-05, FR-LOG-02
FR-EXCEL-TPL-01,FR,Реестр шаблонов Excel,"Компактное описание: хранит шаблоны с версиями и правами, ведет аудит и рекомендации по обновлениям. Acceptance: CRUD возвращает атрибуты шаблона, история изменений логируется, рекомендации версий создаются при изменениях.",technical-requirements.md,technical-requirements.md → Software Requirements Specification (SRS) — Проект «AI GOST» → 3.3.5 Формирование отчетов в Excel,FR-EXCEL-05, FR-EXCEL-06, FR-LEARN-03
FR-EXCEL-TPL-02,FR,Проверка соответствия шаблону,"Компактное описание: сверяет структуру, формулы, печать и защиту отчета с активным шаблоном, накапливает статистику ошибок. Acceptance: проверка ≤10 сек, validationReport.json содержит нарушения и рекомендации, правила синхронизируются при обновлении шаблона.",technical-requirements.md,technical-requirements.md → Software Requirements Specification (SRS) — Проект «AI GOST» → 3.3.5 Формирование отчетов в Excel,FR-EXCEL-TPL-01, FR-EXCEL-06, FR-FORMULA-01
FR-EXCEL-TPL-03,FR,Контроль типов данных и обязательных полей,"Компактное описание: проверяет форматы и обязательные столбцы, использует справочники проекта и предлагает автоисправления. Acceptance: fixSuggestions.json формируется, нарушения содержат ссылку на ячейку и ожидаемый формат, learningMetadata обновляется после исправлений.",technical-requirements.md,technical-requirements.md → Software Requirements Specification (SRS) — Проект «AI GOST» → 3.3.5 Формирование отчетов в Excel,FR-EXCEL-TPL-01, FR-EXCEL-TPL-02, FR-KNOW-01
FR-EXCEL-TPL-04,FR,Комплексный отчет о соответствии,"Компактное описание: агрегирует результаты проверок шаблона, считает метрики и экспортирует сводку. Acceptance: consolidatedReport.json содержит секции structure/data/formula/print, пересчет ≤5 сек для файла 10 МБ, доступен экспорт summary.xlsx/pdf.",technical-requirements.md,technical-requirements.md → Software Requirements Specification (SRS) — Проект «AI GOST» → 3.3.5 Формирование отчетов в Excel,FR-EXCEL-TPL-02, FR-EXCEL-TPL-03
FR-STAMP-01,FR,Извлечение полей штампа документа с интеллектуальным обучением и адаптацией к проектной специфике,"**Обновлено требование**: Система должна извлекать поля штампа рабочей документации из PDF и DWG файлов с использованием специализированных алгоритмов распознавания и интеллектуального обучения системы. Поля штампа: title (наименование документа), cipher (шифр документа), sheetNumber (номер листа), documentName (наименование документа), sheetFormat (формат листа), designStage (стадия проектирования), organization (организация), documentDate (дата документа), revisionNumber (номер редакции). Алгоритм извлечения с обучаемостью: детекция области штампа в документе с использованием проектных шаблонов, распознавание текста в области штампа с применением проектных словарей, парсинг полей по адаптивным шаблонам, валидация извлеченных данных против проектных стандартов, интерактивное обучение при низкой уверенности. Поддержка форматов: PDF (машиночитаемые и сканированные), DWG (AutoCAD чертежи). Обучаемость системы: накопление шаблонов штампов по типам документов и проектам, запоминание типовых полей и их расположения, адаптация к проектной специфике через анализ истории штампов, интерактивное обучение при неоднозначности (вопросы учителю с запоминанием ответов), формирование правил извлечения на основе корректировок пользователя. Интеграция с системой обучения: сохранение извлеченных штампов в артефакте titleBlock.json (FR-LOG-02), накопление проектных словарей штампов (FR-KNOW-01), версионирование знаний о штампах (FR-LEARN-03), применение контекста проекта при извлечении (FR-PROJECT-03). Результат: структурированные данные полей штампа с метаданными (confidence score, источник извлечения, примененные правила, проектный контекст), координаты полей, метрики качества распознавания, рекомендации по улучшению извлечения. Обработка ошибок: некорректные поля помечаются с уровнем критичности, формируется детальный отчет о проблемных полях, сохраняется частичная информация при ошибках парсинга, логирование всех операций извлечения и обучения.",technical-requirements.md,technical-requirements.md → Software Requirements Specification (SRS) — Проект «AI GOST» → 3.3.10 Штамп рабочей документации (Title Block),BR-014, UC-21, UC-23, UC-25, FR-LEARN-01..04, FR-KNOW-01, FR-PROJECT-03, FR-LOG-02, FR-OCR-01A..01C, FR-OCR-05..06
